id;title;description;name;contact_no
1;Generic;directional Metal;Operations Granite;programming Kansas
2;Operations logistical invoice;Consultant;Fantastic Concrete Planner;Steel Tools
3;Mouse alarm;Bangladesh monitor Kentucky;indexing Forges;orchestrate
4;parsing infrastructures Fresh;Ball;Virginia;Personal
5;Practical;Iowa Clothing;Dale;engage and grey
6;Planner lime Books;Computer one-to-one Chair;Washington Communications driver;Faso
7;Executive Synergized e-tailers;Licensed;Regional Metal copy;Bedfordshire
8;SDR;strategize;Tala incentivize Forward;web-enabled Movies I
9;aggregate;hack index monitor;alarm Canada Village;Account
10;mint Corporate card;Viaduct Czech;Landing;Pants Berkshire Dako
